Target,Target_Namespace,Target_Type,Target_Method,Job_Id,Job_AnalyzeLaunchVariance,Job_EvaluateOverhead,Job_MaxAbsoluteError,Job_MaxRelativeError,Job_MinInvokeCount,Job_MinIterationTime,Job_OutlierMode,Job_Affinity,Job_EnvironmentVariables,Job_Jit,Job_LargeAddressAware,Job_Platform,Job_PowerPlanMode,Job_Runtime,Job_AllowVeryLargeObjects,Job_Concurrent,Job_CpuGroups,Job_Force,Job_HeapAffinitizeMask,Job_HeapCount,Job_NoAffinitize,Job_RetainVm,Job_Server,Job_Arguments,Job_BuildConfiguration,Job_Clock,Job_EngineFactory,Job_NuGetReferences,Job_Toolchain,Job_IsMutator,Job_InvocationCount,Job_IterationCount,Job_IterationTime,Job_LaunchCount,Job_MaxIterationCount,Job_MaxWarmupIterationCount,Job_MemoryRandomization,Job_MinIterationCount,Job_MinWarmupIterationCount,Job_RunStrategy,Job_UnrollFactor,Job_WarmupCount,Job_Display,Params,Measurement_LaunchIndex,Measurement_IterationMode,Measurement_IterationStage,Measurement_IterationIndex,Measurement_Nanoseconds,Measurement_Operations,Measurement_Value,Gen_0,Gen_1,Gen_2,Allocated_Bytes
FilterServiceBenchmark.ComputeResolution,LuxFilter.Benchmark,FilterServiceBenchmark,ComputeResolution,DefaultJob,Default,Default,Default,Default,Default,Default,Default,Default,Default,Default,Default,Default,Default,Default,Default,Default,Default,Default,Default,Default,Default,Default,Default,Default,Default,Default,Default,Default,Default,Default,Default,Default,Default,Default,Default,Default,Default,Default,Default,Default,Default,Default,DefaultJob,,1,Overhead,Jitting,1,391875,1,391875,0,0,0,0
FilterServiceBenchmark.ComputeResolution,LuxFilter.Benchmark,FilterServiceBenchmark,ComputeResolution,DefaultJob,Default,Default,Default,Default,Default,Default,Default,Default,Default,Default,Default,Default,Default,Default,Default,Default,Default,Default,Default,Default,Default,Default,Default,Default,Default,Default,Default,Default,Default,Default,Default,Default,Default,Default,Default,Default,Default,Default,Default,Default,Default,Default,DefaultJob,,1,Workload,Jitting,1,454000,1,454000,0,0,0,0
FilterServiceBenchmark.ComputeResolution,LuxFilter.Benchmark,FilterServiceBenchmark,ComputeResolution,DefaultJob,Default,Default,Default,Default,Default,Default,Default,Default,Default,Default,Default,Default,Default,Default,Default,Default,Default,Default,Default,Default,Default,Default,Default,Default,Default,Default,Default,Default,Default,Default,Default,Default,Default,Default,Default,Default,Default,Default,Default,Default,Default,Default,DefaultJob,,1,Overhead,Jitting,2,310125,16,19382.81,0,0,0,0
FilterServiceBenchmark.ComputeResolution,LuxFilter.Benchmark,FilterServiceBenchmark,ComputeResolution,DefaultJob,Default,Default,Default,Default,Default,Default,Default,Default,Default,Default,Default,Default,Default,Default,Default,Default,Default,Default,Default,Default,Default,Default,Default,Default,Default,Default,Default,Default,Default,Default,Default,Default,Default,Default,Default,Default,Default,Default,Default,Default,Default,Default,DefaultJob,,1,Workload,Jitting,2,278916.67,16,17432.29,0,0,0,0
FilterServiceBenchmark.ComputeResolution,LuxFilter.Benchmark,FilterServiceBenchmark,ComputeResolution,DefaultJob,Default,Default,Default,Default,Default,Default,Default,Default,Default,Default,Default,Default,Default,Default,Default,Default,Default,Default,Default,Default,Default,Default,Default,Default,Default,Default,Default,Default,Default,Default,Default,Default,Default,Default,Default,Default,Default,Default,Default,Default,Default,Default,DefaultJob,,1,Workload,Pilot,1,3791.67,16,236.98,0,0,0,0
FilterServiceBenchmark.ComputeResolution,LuxFilter.Benchmark,FilterServiceBenchmark,ComputeResolution,DefaultJob,Default,Default,Default,Default,Default,Default,Default,Default,Default,Default,Default,Default,Default,Default,Default,Default,Default,Default,Default,Default,Default,Default,Default,Default,Default,Default,Default,Default,Default,Default,Default,Default,Default,Default,Default,Default,Default,Default,Default,Default,Default,Default,DefaultJob,,1,Workload,Pilot,2,3958.33,32,123.7,0,0,0,0
FilterServiceBenchmark.ComputeResolution,LuxFilter.Benchmark,FilterServiceBenchmark,ComputeResolution,DefaultJob,Default,Default,Default,Default,Default,Default,Default,Default,Default,Default,Default,Default,Default,Default,Default,Default,Default,Default,Default,Default,Default,Default,Default,Default,Default,Default,Default,Default,Default,Default,Default,Default,Default,Default,Default,Default,Default,Default,Default,Default,Default,Default,DefaultJob,,1,Workload,Pilot,3,5833.33,64,91.15,0,0,0,0
FilterServiceBenchmark.ComputeResolution,LuxFilter.Benchmark,FilterServiceBenchmark,ComputeResolution,DefaultJob,Default,Default,Default,Default,Default,Default,Default,Default,Default,Default,Default,Default,Default,Default,Default,Default,Default,Default,Default,Default,Default,Default,Default,Default,Default,Default,Default,Default,Default,Default,Default,Default,Default,Default,Default,Default,Default,Default,Default,Default,Default,Default,DefaultJob,,1,Workload,Pilot,4,10166.67,128,79.43,0,0,0,0
FilterServiceBenchmark.ComputeResolution,LuxFilter.Benchmark,FilterServiceBenchmark,ComputeResolution,DefaultJob,Default,Default,Default,Default,Default,Default,Default,Default,Default,Default,Default,Default,Default,Default,Default,Default,Default,Default,Default,Default,Default,Default,Default,Default,Default,Default,Default,Default,Default,Default,Default,Default,Default,Default,Default,Default,Default,Default,Default,Default,Default,Default,DefaultJob,,1,Workload,Pilot,5,18708.33,256,73.08,0,0,0,0
FilterServiceBenchmark.ComputeResolution,LuxFilter.Benchmark,FilterServiceBenchmark,ComputeResolution,DefaultJob,Default,Default,Default,Default,Default,Default,Default,Default,Default,Default,Default,Default,Default,Default,Default,Default,Default,Default,Default,Default,Default,Default,Default,Default,Default,Default,Default,Default,Default,Default,Default,Default,Default,Default,Default,Default,Default,Default,Default,Default,Default,Default,DefaultJob,,1,Workload,Pilot,6,36708.33,512,71.7,0,0,0,0
FilterServiceBenchmark.ComputeResolution,LuxFilter.Benchmark,FilterServiceBenchmark,ComputeResolution,DefaultJob,Default,Default,Default,Default,Default,Default,Default,Default,Default,Default,Default,Default,Default,Default,Default,Default,Default,Default,Default,Default,Default,Default,Default,Default,Default,Default,Default,Default,Default,Default,Default,Default,Default,Default,Default,Default,Default,Default,Default,Default,Default,Default,DefaultJob,,1,Workload,Pilot,7,71416.67,1024,69.74,0,0,0,0
FilterServiceBenchmark.ComputeResolution,LuxFilter.Benchmark,FilterServiceBenchmark,ComputeResolution,DefaultJob,Default,Default,Default,Default,Default,Default,Default,Default,Default,Default,Default,Default,Default,Default,Default,Default,Default,Default,Default,Default,Default,Default,Default,Default,Default,Default,Default,Default,Default,Default,Default,Default,Default,Default,Default,Default,Default,Default,Default,Default,Default,Default,DefaultJob,,1,Workload,Pilot,8,140958.33,2048,68.83,0,0,0,0
FilterServiceBenchmark.ComputeResolution,LuxFilter.Benchmark,FilterServiceBenchmark,ComputeResolution,DefaultJob,Default,Default,Default,Default,Default,Default,Default,Default,Default,Default,Default,Default,Default,Default,Default,Default,Default,Default,Default,Default,Default,Default,Default,Default,Default,Default,Default,Default,Default,Default,Default,Default,Default,Default,Default,Default,Default,Default,Default,Default,Default,Default,DefaultJob,,1,Workload,Pilot,9,324500,4096,79.22,0,0,0,0
FilterServiceBenchmark.ComputeResolution,LuxFilter.Benchmark,FilterServiceBenchmark,ComputeResolution,DefaultJob,Default,Default,Default,Default,Default,Default,Default,Default,Default,Default,Default,Default,Default,Default,Default,Default,Default,Default,Default,Default,Default,Default,Default,Default,Default,Default,Default,Default,Default,Default,Default,Default,Default,Default,Default,Default,Default,Default,Default,Default,Default,Default,DefaultJob,,1,Workload,Pilot,10,766375,8192,93.55,0,0,0,0
FilterServiceBenchmark.ComputeResolution,LuxFilter.Benchmark,FilterServiceBenchmark,ComputeResolution,DefaultJob,Default,Default,Default,Default,Default,Default,Default,Default,Default,Default,Default,Default,Default,Default,Default,Default,Default,Default,Default,Default,Default,Default,Default,Default,Default,Default,Default,Default,Default,Default,Default,Default,Default,Default,Default,Default,Default,Default,Default,Default,Default,Default,DefaultJob,,1,Workload,Pilot,11,1165291.67,16384,71.12,0,0,0,0
FilterServiceBenchmark.ComputeResolution,LuxFilter.Benchmark,FilterServiceBenchmark,ComputeResolution,DefaultJob,Default,Default,Default,Default,Default,Default,Default,Default,Default,Default,Default,Default,Default,Default,Default,Default,Default,Default,Default,Default,Default,Default,Default,Default,Default,Default,Default,Default,Default,Default,Default,Default,Default,Default,Default,Default,Default,Default,Default,Default,Default,Default,DefaultJob,,1,Workload,Pilot,12,2222291.67,32768,67.82,0,0,0,0
FilterServiceBenchmark.ComputeResolution,LuxFilter.Benchmark,FilterServiceBenchmark,ComputeResolution,DefaultJob,Default,Default,Default,Default,Default,Default,Default,Default,Default,Default,Default,Default,Default,Default,Default,Default,Default,Default,Default,Default,Default,Default,Default,Default,Default,Default,Default,Default,Default,Default,Default,Default,Default,Default,Default,Default,Default,Default,Default,Default,Default,Default,DefaultJob,,1,Workload,Pilot,13,4929833.33,65536,75.22,0,0,0,0
FilterServiceBenchmark.ComputeResolution,LuxFilter.Benchmark,FilterServiceBenchmark,ComputeResolution,DefaultJob,Default,Default,Default,Default,Default,Default,Default,Default,Default,Default,Default,Default,Default,Default,Default,Default,Default,Default,Default,Default,Default,Default,Default,Default,Default,Default,Default,Default,Default,Default,Default,Default,Default,Default,Default,Default,Default,Default,Default,Default,Default,Default,DefaultJob,,1,Workload,Pilot,14,9296166.67,131072,70.92,0,0,0,0
FilterServiceBenchmark.ComputeResolution,LuxFilter.Benchmark,FilterServiceBenchmark,ComputeResolution,DefaultJob,Default,Default,Default,Default,Default,Default,Default,Default,Default,Default,Default,Default,Default,Default,Default,Default,Default,Default,Default,Default,Default,Default,Default,Default,Default,Default,Default,Default,Default,Default,Default,Default,Default,Default,Default,Default,Default,Default,Default,Default,Default,Default,DefaultJob,,1,Workload,Pilot,15,17507958.33,262144,66.79,0,0,0,0
FilterServiceBenchmark.ComputeResolution,LuxFilter.Benchmark,FilterServiceBenchmark,ComputeResolution,DefaultJob,Default,Default,Default,Default,Default,Default,Default,Default,Default,Default,Default,Default,Default,Default,Default,Default,Default,Default,Default,Default,Default,Default,Default,Default,Default,Default,Default,Default,Default,Default,Default,Default,Default,Default,Default,Default,Default,Default,Default,Default,Default,Default,DefaultJob,,1,Workload,Pilot,16,34498125,524288,65.8,0,0,0,0
FilterServiceBenchmark.ComputeResolution,LuxFilter.Benchmark,FilterServiceBenchmark,ComputeResolution,DefaultJob,Default,Default,Default,Default,Default,Default,Default,Default,Default,Default,Default,Default,Default,Default,Default,Default,Default,Default,Default,Default,Default,Default,Default,Default,Default,Default,Default,Default,Default,Default,Default,Default,Default,Default,Default,Default,Default,Default,Default,Default,Default,Default,DefaultJob,,1,Workload,Pilot,17,70968958.33,1048576,67.68,0,0,0,0
FilterServiceBenchmark.ComputeResolution,LuxFilter.Benchmark,FilterServiceBenchmark,ComputeResolution,DefaultJob,Default,Default,Default,Default,Default,Default,Default,Default,Default,Default,Default,Default,Default,Default,Default,Default,Default,Default,Default,Default,Default,Default,Default,Default,Default,Default,Default,Default,Default,Default,Default,Default,Default,Default,Default,Default,Default,Default,Default,Default,Default,Default,DefaultJob,,1,Workload,Pilot,18,86191500,2097152,41.1,0,0,0,0
FilterServiceBenchmark.ComputeResolution,LuxFilter.Benchmark,FilterServiceBenchmark,ComputeResolution,DefaultJob,Default,Default,Default,Default,Default,Default,Default,Default,Default,Default,Default,Default,Default,Default,Default,Default,Default,Default,Default,Default,Default,Default,Default,Default,Default,Default,Default,Default,Default,Default,Default,Default,Default,Default,Default,Default,Default,Default,Default,Default,Default,Default,DefaultJob,,1,Workload,Pilot,19,87823583.33,4194304,20.94,0,0,0,0
FilterServiceBenchmark.ComputeResolution,LuxFilter.Benchmark,FilterServiceBenchmark,ComputeResolution,DefaultJob,Default,Default,Default,Default,Default,Default,Default,Default,Default,Default,Default,Default,Default,Default,Default,Default,Default,Default,Default,Default,Default,Default,Default,Default,Default,Default,Default,Default,Default,Default,Default,Default,Default,Default,Default,Default,Default,Default,Default,Default,Default,Default,DefaultJob,,1,Workload,Pilot,20,171940750,8388608,20.5,0,0,0,0
FilterServiceBenchmark.ComputeResolution,LuxFilter.Benchmark,FilterServiceBenchmark,ComputeResolution,DefaultJob,Default,Default,Default,Default,Default,Default,Default,Default,Default,Default,Default,Default,Default,Default,Default,Default,Default,Default,Default,Default,Default,Default,Default,Default,Default,Default,Default,Default,Default,Default,Default,Default,Default,Default,Default,Default,Default,Default,Default,Default,Default,Default,DefaultJob,,1,Workload,Pilot,21,339683291.67,16777216,20.25,0,0,0,0
FilterServiceBenchmark.ComputeResolution,LuxFilter.Benchmark,FilterServiceBenchmark,ComputeResolution,DefaultJob,Default,Default,Default,Default,Default,Default,Default,Default,Default,Default,Default,Default,Default,Default,Default,Default,Default,Default,Default,Default,Default,Default,Default,Default,Default,Default,Default,Default,Default,Default,Default,Default,Default,Default,Default,Default,Default,Default,Default,Default,Default,Default,DefaultJob,,1,Workload,Pilot,22,673815791.67,33554432,20.08,0,0,0,0
FilterServiceBenchmark.ComputeResolution,LuxFilter.Benchmark,FilterServiceBenchmark,ComputeResolution,DefaultJob,Default,Default,Default,Default,Default,Default,Default,Default,Default,Default,Default,Default,Default,Default,Default,Default,Default,Default,Default,Default,Default,Default,Default,Default,Default,Default,Default,Default,Default,Default,Default,Default,Default,Default,Default,Default,Default,Default,Default,Default,Default,Default,DefaultJob,,1,Overhead,Warmup,1,65871125,33554432,1.96,0,0,0,0
FilterServiceBenchmark.ComputeResolution,LuxFilter.Benchmark,FilterServiceBenchmark,ComputeResolution,DefaultJob,Default,Default,Default,Default,Default,Default,Default,Default,Default,Default,Default,Default,Default,Default,Default,Default,Default,Default,Default,Default,Default,Default,Default,Default,Default,Default,Default,Default,Default,Default,Default,Default,Default,Default,Default,Default,Default,Default,Default,Default,Default,Default,DefaultJob,,1,Overhead,Warmup,2,66683375,33554432,1.99,0,0,0,0
FilterServiceBenchmark.ComputeResolution,LuxFilter.Benchmark,FilterServiceBenchmark,ComputeResolution,DefaultJob,Default,Default,Default,Default,Default,Default,Default,Default,Default,Default,Default,Default,Default,Default,Default,Default,Default,Default,Default,Default,Default,Default,Default,Default,Default,Default,Default,Default,Default,Default,Default,Default,Default,Default,Default,Default,Default,Default,Default,Default,Default,Default,DefaultJob,,1,Overhead,Warmup,3,67331875,33554432,2.01,0,0,0,0
FilterServiceBenchmark.ComputeResolution,LuxFilter.Benchmark,FilterServiceBenchmark,ComputeResolution,DefaultJob,Default,Default,Default,Default,Default,Default,Default,Default,Default,Default,Default,Default,Default,Default,Default,Default,Default,Default,Default,Default,Default,Default,Default,Default,Default,Default,Default,Default,Default,Default,Default,Default,Default,Default,Default,Default,Default,Default,Default,Default,Default,Default,DefaultJob,,1,Overhead,Warmup,4,52496875,33554432,1.56,0,0,0,0
FilterServiceBenchmark.ComputeResolution,LuxFilter.Benchmark,FilterServiceBenchmark,ComputeResolution,DefaultJob,Default,Default,Default,Default,Default,Default,Default,Default,Default,Default,Default,Default,Default,Default,Default,Default,Default,Default,Default,Default,Default,Default,Default,Default,Default,Default,Default,Default,Default,Default,Default,Default,Default,Default,Default,Default,Default,Default,Default,Default,Default,Default,DefaultJob,,1,Overhead,Warmup,5,46637875,33554432,1.39,0,0,0,0
FilterServiceBenchmark.ComputeResolution,LuxFilter.Benchmark,FilterServiceBenchmark,ComputeResolution,DefaultJob,Default,Default,Default,Default,Default,Default,Default,Default,Default,Default,Default,Default,Default,Default,Default,Default,Default,Default,Default,Default,Default,Default,Default,Default,Default,Default,Default,Default,Default,Default,Default,Default,Default,Default,Default,Default,Default,Default,Default,Default,Default,Default,DefaultJob,,1,Overhead,Warmup,6,46137625,33554432,1.38,0,0,0,0
FilterServiceBenchmark.ComputeResolution,LuxFilter.Benchmark,FilterServiceBenchmark,ComputeResolution,DefaultJob,Default,Default,Default,Default,Default,Default,Default,Default,Default,Default,Default,Default,Default,Default,Default,Default,Default,Default,Default,Default,Default,Default,Default,Default,Default,Default,Default,Default,Default,Default,Default,Default,Default,Default,Default,Default,Default,Default,Default,Default,Default,Default,DefaultJob,,1,Overhead,Warmup,7,46163500,33554432,1.38,0,0,0,0
FilterServiceBenchmark.ComputeResolution,LuxFilter.Benchmark,FilterServiceBenchmark,ComputeResolution,DefaultJob,Default,Default,Default,Default,Default,Default,Default,Default,Default,Default,Default,Default,Default,Default,Default,Default,Default,Default,Default,Default,Default,Default,Default,Default,Default,Default,Default,Default,Default,Default,Default,Default,Default,Default,Default,Default,Default,Default,Default,Default,Default,Default,DefaultJob,,1,Overhead,Warmup,8,45845208.33,33554432,1.37,0,0,0,0
FilterServiceBenchmark.ComputeResolution,LuxFilter.Benchmark,FilterServiceBenchmark,ComputeResolution,DefaultJob,Default,Default,Default,Default,Default,Default,Default,Default,Default,Default,Default,Default,Default,Default,Default,Default,Default,Default,Default,Default,Default,Default,Default,Default,Default,Default,Default,Default,Default,Default,Default,Default,Default,Default,Default,Default,Default,Default,Default,Default,Default,Default,DefaultJob,,1,Overhead,Actual,1,45591916.67,33554432,1.36,0,0,0,0
FilterServiceBenchmark.ComputeResolution,LuxFilter.Benchmark,FilterServiceBenchmark,ComputeResolution,DefaultJob,Default,Default,Default,Default,Default,Default,Default,Default,Default,Default,Default,Default,Default,Default,Default,Default,Default,Default,Default,Default,Default,Default,Default,Default,Default,Default,Default,Default,Default,Default,Default,Default,Default,Default,Default,Default,Default,Default,Default,Default,Default,Default,DefaultJob,,1,Overhead,Actual,2,45637583.33,33554432,1.36,0,0,0,0
FilterServiceBenchmark.ComputeResolution,LuxFilter.Benchmark,FilterServiceBenchmark,ComputeResolution,DefaultJob,Default,Default,Default,Default,Default,Default,Default,Default,Default,Default,Default,Default,Default,Default,Default,Default,Default,Default,Default,Default,Default,Default,Default,Default,Default,Default,Default,Default,Default,Default,Default,Default,Default,Default,Default,Default,Default,Default,Default,Default,Default,Default,DefaultJob,,1,Overhead,Actual,3,46045875,33554432,1.37,0,0,0,0
FilterServiceBenchmark.ComputeResolution,LuxFilter.Benchmark,FilterServiceBenchmark,ComputeResolution,DefaultJob,Default,Default,Default,Default,Default,Default,Default,Default,Default,Default,Default,Default,Default,Default,Default,Default,Default,Default,Default,Default,Default,Default,Default,Default,Default,Default,Default,Default,Default,Default,Default,Default,Default,Default,Default,Default,Default,Default,Default,Default,Default,Default,DefaultJob,,1,Overhead,Actual,4,46622750,33554432,1.39,0,0,0,0
FilterServiceBenchmark.ComputeResolution,LuxFilter.Benchmark,FilterServiceBenchmark,ComputeResolution,DefaultJob,Default,Default,Default,Default,Default,Default,Default,Default,Default,Default,Default,Default,Default,Default,Default,Default,Default,Default,Default,Default,Default,Default,Default,Default,Default,Default,Default,Default,Default,Default,Default,Default,Default,Default,Default,Default,Default,Default,Default,Default,Default,Default,DefaultJob,,1,Overhead,Actual,5,48503083.33,33554432,1.45,0,0,0,0
FilterServiceBenchmark.ComputeResolution,LuxFilter.Benchmark,FilterServiceBenchmark,ComputeResolution,DefaultJob,Default,Default,Default,Default,Default,Default,Default,Default,Default,Default,Default,Default,Default,Default,Default,Default,Default,Default,Default,Default,Default,Default,Default,Default,Default,Default,Default,Default,Default,Default,Default,Default,Default,Default,Default,Default,Default,Default,Default,Default,Default,Default,DefaultJob,,1,Overhead,Actual,6,50775125,33554432,1.51,0,0,0,0
FilterServiceBenchmark.ComputeResolution,LuxFilter.Benchmark,FilterServiceBenchmark,ComputeResolution,DefaultJob,Default,Default,Default,Default,Default,Default,Default,Default,Default,Default,Default,Default,Default,Default,Default,Default,Default,Default,Default,Default,Default,Default,Default,Default,Default,Default,Default,Default,Default,Default,Default,Default,Default,Default,Default,Default,Default,Default,Default,Default,Default,Default,DefaultJob,,1,Overhead,Actual,7,49335750,33554432,1.47,0,0,0,0
FilterServiceBenchmark.ComputeResolution,LuxFilter.Benchmark,FilterServiceBenchmark,ComputeResolution,DefaultJob,Default,Default,Default,Default,Default,Default,Default,Default,Default,Default,Default,Default,Default,Default,Default,Default,Default,Default,Default,Default,Default,Default,Default,Default,Default,Default,Default,Default,Default,Default,Default,Default,Default,Default,Default,Default,Default,Default,Default,Default,Default,Default,DefaultJob,,1,Overhead,Actual,8,50819666.67,33554432,1.51,0,0,0,0
FilterServiceBenchmark.ComputeResolution,LuxFilter.Benchmark,FilterServiceBenchmark,ComputeResolution,DefaultJob,Default,Default,Default,Default,Default,Default,Default,Default,Default,Default,Default,Default,Default,Default,Default,Default,Default,Default,Default,Default,Default,Default,Default,Default,Default,Default,Default,Default,Default,Default,Default,Default,Default,Default,Default,Default,Default,Default,Default,Default,Default,Default,DefaultJob,,1,Overhead,Actual,9,48271041.67,33554432,1.44,0,0,0,0
FilterServiceBenchmark.ComputeResolution,LuxFilter.Benchmark,FilterServiceBenchmark,ComputeResolution,DefaultJob,Default,Default,Default,Default,Default,Default,Default,Default,Default,Default,Default,Default,Default,Default,Default,Default,Default,Default,Default,Default,Default,Default,Default,Default,Default,Default,Default,Default,Default,Default,Default,Default,Default,Default,Default,Default,Default,Default,Default,Default,Default,Default,DefaultJob,,1,Overhead,Actual,10,47065958.33,33554432,1.4,0,0,0,0
FilterServiceBenchmark.ComputeResolution,LuxFilter.Benchmark,FilterServiceBenchmark,ComputeResolution,DefaultJob,Default,Default,Default,Default,Default,Default,Default,Default,Default,Default,Default,Default,Default,Default,Default,Default,Default,Default,Default,Default,Default,Default,Default,Default,Default,Default,Default,Default,Default,Default,Default,Default,Default,Default,Default,Default,Default,Default,Default,Default,Default,Default,DefaultJob,,1,Overhead,Actual,11,47679500,33554432,1.42,0,0,0,0
FilterServiceBenchmark.ComputeResolution,LuxFilter.Benchmark,FilterServiceBenchmark,ComputeResolution,DefaultJob,Default,Default,Default,Default,Default,Default,Default,Default,Default,Default,Default,Default,Default,Default,Default,Default,Default,Default,Default,Default,Default,Default,Default,Default,Default,Default,Default,Default,Default,Default,Default,Default,Default,Default,Default,Default,Default,Default,Default,Default,Default,Default,DefaultJob,,1,Overhead,Actual,12,49156583.33,33554432,1.46,0,0,0,0
FilterServiceBenchmark.ComputeResolution,LuxFilter.Benchmark,FilterServiceBenchmark,ComputeResolution,DefaultJob,Default,Default,Default,Default,Default,Default,Default,Default,Default,Default,Default,Default,Default,Default,Default,Default,Default,Default,Default,Default,Default,Default,Default,Default,Default,Default,Default,Default,Default,Default,Default,Default,Default,Default,Default,Default,Default,Default,Default,Default,Default,Default,DefaultJob,,1,Overhead,Actual,13,47168708.33,33554432,1.41,0,0,0,0
FilterServiceBenchmark.ComputeResolution,LuxFilter.Benchmark,FilterServiceBenchmark,ComputeResolution,DefaultJob,Default,Default,Default,Default,Default,Default,Default,Default,Default,Default,Default,Default,Default,Default,Default,Default,Default,Default,Default,Default,Default,Default,Default,Default,Default,Default,Default,Default,Default,Default,Default,Default,Default,Default,Default,Default,Default,Default,Default,Default,Default,Default,DefaultJob,,1,Overhead,Actual,14,46491750,33554432,1.39,0,0,0,0
FilterServiceBenchmark.ComputeResolution,LuxFilter.Benchmark,FilterServiceBenchmark,ComputeResolution,DefaultJob,Default,Default,Default,Default,Default,Default,Default,Default,Default,Default,Default,Default,Default,Default,Default,Default,Default,Default,Default,Default,Default,Default,Default,Default,Default,Default,Default,Default,Default,Default,Default,Default,Default,Default,Default,Default,Default,Default,Default,Default,Default,Default,DefaultJob,,1,Overhead,Actual,15,46064458.33,33554432,1.37,0,0,0,0
FilterServiceBenchmark.ComputeResolution,LuxFilter.Benchmark,FilterServiceBenchmark,ComputeResolution,DefaultJob,Default,Default,Default,Default,Default,Default,Default,Default,Default,Default,Default,Default,Default,Default,Default,Default,Default,Default,Default,Default,Default,Default,Default,Default,Default,Default,Default,Default,Default,Default,Default,Default,Default,Default,Default,Default,Default,Default,Default,Default,Default,Default,DefaultJob,,1,Workload,Warmup,1,964737958.33,33554432,28.75,0,0,0,0
FilterServiceBenchmark.ComputeResolution,LuxFilter.Benchmark,FilterServiceBenchmark,ComputeResolution,DefaultJob,Default,Default,Default,Default,Default,Default,Default,Default,Default,Default,Default,Default,Default,Default,Default,Default,Default,Default,Default,Default,Default,Default,Default,Default,Default,Default,Default,Default,Default,Default,Default,Default,Default,Default,Default,Default,Default,Default,Default,Default,Default,Default,DefaultJob,,1,Workload,Warmup,2,807527166.67,33554432,24.07,0,0,0,0
FilterServiceBenchmark.ComputeResolution,LuxFilter.Benchmark,FilterServiceBenchmark,ComputeResolution,DefaultJob,Default,Default,Default,Default,Default,Default,Default,Default,Default,Default,Default,Default,Default,Default,Default,Default,Default,Default,Default,Default,Default,Default,Default,Default,Default,Default,Default,Default,Default,Default,Default,Default,Default,Default,Default,Default,Default,Default,Default,Default,Default,Default,DefaultJob,,1,Workload,Warmup,3,676083750,33554432,20.15,0,0,0,0
FilterServiceBenchmark.ComputeResolution,LuxFilter.Benchmark,FilterServiceBenchmark,ComputeResolution,DefaultJob,Default,Default,Default,Default,Default,Default,Default,Default,Default,Default,Default,Default,Default,Default,Default,Default,Default,Default,Default,Default,Default,Default,Default,Default,Default,Default,Default,Default,Default,Default,Default,Default,Default,Default,Default,Default,Default,Default,Default,Default,Default,Default,DefaultJob,,1,Workload,Warmup,4,677343750,33554432,20.19,0,0,0,0
FilterServiceBenchmark.ComputeResolution,LuxFilter.Benchmark,FilterServiceBenchmark,ComputeResolution,DefaultJob,Default,Default,Default,Default,Default,Default,Default,Default,Default,Default,Default,Default,Default,Default,Default,Default,Default,Default,Default,Default,Default,Default,Default,Default,Default,Default,Default,Default,Default,Default,Default,Default,Default,Default,Default,Default,Default,Default,Default,Default,Default,Default,DefaultJob,,1,Workload,Warmup,5,669673500,33554432,19.96,0,0,0,0
FilterServiceBenchmark.ComputeResolution,LuxFilter.Benchmark,FilterServiceBenchmark,ComputeResolution,DefaultJob,Default,Default,Default,Default,Default,Default,Default,Default,Default,Default,Default,Default,Default,Default,Default,Default,Default,Default,Default,Default,Default,Default,Default,Default,Default,Default,Default,Default,Default,Default,Default,Default,Default,Default,Default,Default,Default,Default,Default,Default,Default,Default,DefaultJob,,1,Workload,Warmup,6,668976750,33554432,19.94,0,0,0,0
FilterServiceBenchmark.ComputeResolution,LuxFilter.Benchmark,FilterServiceBenchmark,ComputeResolution,DefaultJob,Default,Default,Default,Default,Default,Default,Default,Default,Default,Default,Default,Default,Default,Default,Default,Default,Default,Default,Default,Default,Default,Default,Default,Default,Default,Default,Default,Default,Default,Default,Default,Default,Default,Default,Default,Default,Default,Default,Default,Default,Default,Default,DefaultJob,,1,Workload,Warmup,7,672665208.33,33554432,20.05,0,0,0,0
FilterServiceBenchmark.ComputeResolution,LuxFilter.Benchmark,FilterServiceBenchmark,ComputeResolution,DefaultJob,Default,Default,Default,Default,Default,Default,Default,Default,Default,Default,Default,Default,Default,Default,Default,Default,Default,Default,Default,Default,Default,Default,Default,Default,Default,Default,Default,Default,Default,Default,Default,Default,Default,Default,Default,Default,Default,Default,Default,Default,Default,Default,DefaultJob,,1,Workload,Warmup,8,667104666.67,33554432,19.88,0,0,0,0
FilterServiceBenchmark.ComputeResolution,LuxFilter.Benchmark,FilterServiceBenchmark,ComputeResolution,DefaultJob,Default,Default,Default,Default,Default,Default,Default,Default,Default,Default,Default,Default,Default,Default,Default,Default,Default,Default,Default,Default,Default,Default,Default,Default,Default,Default,Default,Default,Default,Default,Default,Default,Default,Default,Default,Default,Default,Default,Default,Default,Default,Default,DefaultJob,,1,Workload,Actual,1,669345375,33554432,19.95,0,0,0,0
FilterServiceBenchmark.ComputeResolution,LuxFilter.Benchmark,FilterServiceBenchmark,ComputeResolution,DefaultJob,Default,Default,Default,Default,Default,Default,Default,Default,Default,Default,Default,Default,Default,Default,Default,Default,Default,Default,Default,Default,Default,Default,Default,Default,Default,Default,Default,Default,Default,Default,Default,Default,Default,Default,Default,Default,Default,Default,Default,Default,Default,Default,DefaultJob,,1,Workload,Actual,2,672058791.67,33554432,20.03,0,0,0,0
FilterServiceBenchmark.ComputeResolution,LuxFilter.Benchmark,FilterServiceBenchmark,ComputeResolution,DefaultJob,Default,Default,Default,Default,Default,Default,Default,Default,Default,Default,Default,Default,Default,Default,Default,Default,Default,Default,Default,Default,Default,Default,Default,Default,Default,Default,Default,Default,Default,Default,Default,Default,Default,Default,Default,Default,Default,Default,Default,Default,Default,Default,DefaultJob,,1,Workload,Actual,3,669991708.33,33554432,19.97,0,0,0,0
FilterServiceBenchmark.ComputeResolution,LuxFilter.Benchmark,FilterServiceBenchmark,ComputeResolution,DefaultJob,Default,Default,Default,Default,Default,Default,Default,Default,Default,Default,Default,Default,Default,Default,Default,Default,Default,Default,Default,Default,Default,Default,Default,Default,Default,Default,Default,Default,Default,Default,Default,Default,Default,Default,Default,Default,Default,Default,Default,Default,Default,Default,DefaultJob,,1,Workload,Actual,4,672596250,33554432,20.04,0,0,0,0
FilterServiceBenchmark.ComputeResolution,LuxFilter.Benchmark,FilterServiceBenchmark,ComputeResolution,DefaultJob,Default,Default,Default,Default,Default,Default,Default,Default,Default,Default,Default,Default,Default,Default,Default,Default,Default,Default,Default,Default,Default,Default,Default,Default,Default,Default,Default,Default,Default,Default,Default,Default,Default,Default,Default,Default,Default,Default,Default,Default,Default,Default,DefaultJob,,1,Workload,Actual,5,678028708.33,33554432,20.21,0,0,0,0
FilterServiceBenchmark.ComputeResolution,LuxFilter.Benchmark,FilterServiceBenchmark,ComputeResolution,DefaultJob,Default,Default,Default,Default,Default,Default,Default,Default,Default,Default,Default,Default,Default,Default,Default,Default,Default,Default,Default,Default,Default,Default,Default,Default,Default,Default,Default,Default,Default,Default,Default,Default,Default,Default,Default,Default,Default,Default,Default,Default,Default,Default,DefaultJob,,1,Workload,Actual,6,680548875,33554432,20.28,0,0,0,0
FilterServiceBenchmark.ComputeResolution,LuxFilter.Benchmark,FilterServiceBenchmark,ComputeResolution,DefaultJob,Default,Default,Default,Default,Default,Default,Default,Default,Default,Default,Default,Default,Default,Default,Default,Default,Default,Default,Default,Default,Default,Default,Default,Default,Default,Default,Default,Default,Default,Default,Default,Default,Default,Default,Default,Default,Default,Default,Default,Default,Default,Default,DefaultJob,,1,Workload,Actual,7,674282666.67,33554432,20.1,0,0,0,0
FilterServiceBenchmark.ComputeResolution,LuxFilter.Benchmark,FilterServiceBenchmark,ComputeResolution,DefaultJob,Default,Default,Default,Default,Default,Default,Default,Default,Default,Default,Default,Default,Default,Default,Default,Default,Default,Default,Default,Default,Default,Default,Default,Default,Default,Default,Default,Default,Default,Default,Default,Default,Default,Default,Default,Default,Default,Default,Default,Default,Default,Default,DefaultJob,,1,Workload,Actual,8,670443500,33554432,19.98,0,0,0,0
FilterServiceBenchmark.ComputeResolution,LuxFilter.Benchmark,FilterServiceBenchmark,ComputeResolution,DefaultJob,Default,Default,Default,Default,Default,Default,Default,Default,Default,Default,Default,Default,Default,Default,Default,Default,Default,Default,Default,Default,Default,Default,Default,Default,Default,Default,Default,Default,Default,Default,Default,Default,Default,Default,Default,Default,Default,Default,Default,Default,Default,Default,DefaultJob,,1,Workload,Actual,9,710617333.33,33554432,21.18,0,0,0,0
FilterServiceBenchmark.ComputeResolution,LuxFilter.Benchmark,FilterServiceBenchmark,ComputeResolution,DefaultJob,Default,Default,Default,Default,Default,Default,Default,Default,Default,Default,Default,Default,Default,Default,Default,Default,Default,Default,Default,Default,Default,Default,Default,Default,Default,Default,Default,Default,Default,Default,Default,Default,Default,Default,Default,Default,Default,Default,Default,Default,Default,Default,DefaultJob,,1,Workload,Actual,10,672895291.67,33554432,20.05,0,0,0,0
FilterServiceBenchmark.ComputeResolution,LuxFilter.Benchmark,FilterServiceBenchmark,ComputeResolution,DefaultJob,Default,Default,Default,Default,Default,Default,Default,Default,Default,Default,Default,Default,Default,Default,Default,Default,Default,Default,Default,Default,Default,Default,Default,Default,Default,Default,Default,Default,Default,Default,Default,Default,Default,Default,Default,Default,Default,Default,Default,Default,Default,Default,DefaultJob,,1,Workload,Actual,11,673542916.67,33554432,20.07,0,0,0,0
FilterServiceBenchmark.ComputeResolution,LuxFilter.Benchmark,FilterServiceBenchmark,ComputeResolution,DefaultJob,Default,Default,Default,Default,Default,Default,Default,Default,Default,Default,Default,Default,Default,Default,Default,Default,Default,Default,Default,Default,Default,Default,Default,Default,Default,Default,Default,Default,Default,Default,Default,Default,Default,Default,Default,Default,Default,Default,Default,Default,Default,Default,DefaultJob,,1,Workload,Actual,12,669722666.67,33554432,19.96,0,0,0,0
FilterServiceBenchmark.ComputeResolution,LuxFilter.Benchmark,FilterServiceBenchmark,ComputeResolution,DefaultJob,Default,Default,Default,Default,Default,Default,Default,Default,Default,Default,Default,Default,Default,Default,Default,Default,Default,Default,Default,Default,Default,Default,Default,Default,Default,Default,Default,Default,Default,Default,Default,Default,Default,Default,Default,Default,Default,Default,Default,Default,Default,Default,DefaultJob,,1,Workload,Actual,13,669948958.33,33554432,19.97,0,0,0,0
FilterServiceBenchmark.ComputeResolution,LuxFilter.Benchmark,FilterServiceBenchmark,ComputeResolution,DefaultJob,Default,Default,Default,Default,Default,Default,Default,Default,Default,Default,Default,Default,Default,Default,Default,Default,Default,Default,Default,Default,Default,Default,Default,Default,Default,Default,Default,Default,Default,Default,Default,Default,Default,Default,Default,Default,Default,Default,Default,Default,Default,Default,DefaultJob,,1,Workload,Actual,14,675493958.33,33554432,20.13,0,0,0,0
FilterServiceBenchmark.ComputeResolution,LuxFilter.Benchmark,FilterServiceBenchmark,ComputeResolution,DefaultJob,Default,Default,Default,Default,Default,Default,Default,Default,Default,Default,Default,Default,Default,Default,Default,Default,Default,Default,Default,Default,Default,Default,Default,Default,Default,Default,Default,Default,Default,Default,Default,Default,Default,Default,Default,Default,Default,Default,Default,Default,Default,Default,DefaultJob,,1,Workload,Actual,15,670285375,33554432,19.98,0,0,0,0
FilterServiceBenchmark.ComputeResolution,LuxFilter.Benchmark,FilterServiceBenchmark,ComputeResolution,DefaultJob,Default,Default,Default,Default,Default,Default,Default,Default,Default,Default,Default,Default,Default,Default,Default,Default,Default,Default,Default,Default,Default,Default,Default,Default,Default,Default,Default,Default,Default,Default,Default,Default,Default,Default,Default,Default,Default,Default,Default,Default,Default,Default,DefaultJob,,1,Workload,Result,1,622176666.67,33554432,18.54,0,0,0,0
FilterServiceBenchmark.ComputeResolution,LuxFilter.Benchmark,FilterServiceBenchmark,ComputeResolution,DefaultJob,Default,Default,Default,Default,Default,Default,Default,Default,Default,Default,Default,Default,Default,Default,Default,Default,Default,Default,Default,Default,Default,Default,Default,Default,Default,Default,Default,Default,Default,Default,Default,Default,Default,Default,Default,Default,Default,Default,Default,Default,Default,Default,DefaultJob,,1,Workload,Result,2,624890083.33,33554432,18.62,0,0,0,0
FilterServiceBenchmark.ComputeResolution,LuxFilter.Benchmark,FilterServiceBenchmark,ComputeResolution,DefaultJob,Default,Default,Default,Default,Default,Default,Default,Default,Default,Default,Default,Default,Default,Default,Default,Default,Default,Default,Default,Default,Default,Default,Default,Default,Default,Default,Default,Default,Default,Default,Default,Default,Default,Default,Default,Default,Default,Default,Default,Default,Default,Default,DefaultJob,,1,Workload,Result,3,622823000,33554432,18.56,0,0,0,0
FilterServiceBenchmark.ComputeResolution,LuxFilter.Benchmark,FilterServiceBenchmark,ComputeResolution,DefaultJob,Default,Default,Default,Default,Default,Default,Default,Default,Default,Default,Default,Default,Default,Default,Default,Default,Default,Default,Default,Default,Default,Default,Default,Default,Default,Default,Default,Default,Default,Default,Default,Default,Default,Default,Default,Default,Default,Default,Default,Default,Default,Default,DefaultJob,,1,Workload,Result,4,625427541.67,33554432,18.64,0,0,0,0
FilterServiceBenchmark.ComputeResolution,LuxFilter.Benchmark,FilterServiceBenchmark,ComputeResolution,DefaultJob,Default,Default,Default,Default,Default,Default,Default,Default,Default,Default,Default,Default,Default,Default,Default,Default,Default,Default,Default,Default,Default,Default,Default,Default,Default,Default,Default,Default,Default,Default,Default,Default,Default,Default,Default,Default,Default,Default,Default,Default,Default,Default,DefaultJob,,1,Workload,Result,5,630860000,33554432,18.8,0,0,0,0
FilterServiceBenchmark.ComputeResolution,LuxFilter.Benchmark,FilterServiceBenchmark,ComputeResolution,DefaultJob,Default,Default,Default,Default,Default,Default,Default,Default,Default,Default,Default,Default,Default,Default,Default,Default,Default,Default,Default,Default,Default,Default,Default,Default,Default,Default,Default,Default,Default,Default,Default,Default,Default,Default,Default,Default,Default,Default,Default,Default,Default,Default,DefaultJob,,1,Workload,Result,6,633380166.67,33554432,18.88,0,0,0,0
FilterServiceBenchmark.ComputeResolution,LuxFilter.Benchmark,FilterServiceBenchmark,ComputeResolution,DefaultJob,Default,Default,Default,Default,Default,Default,Default,Default,Default,Default,Default,Default,Default,Default,Default,Default,Default,Default,Default,Default,Default,Default,Default,Default,Default,Default,Default,Default,Default,Default,Default,Default,Default,Default,Default,Default,Default,Default,Default,Default,Default,Default,DefaultJob,,1,Workload,Result,7,627113958.33,33554432,18.69,0,0,0,0
FilterServiceBenchmark.ComputeResolution,LuxFilter.Benchmark,FilterServiceBenchmark,ComputeResolution,DefaultJob,Default,Default,Default,Default,Default,Default,Default,Default,Default,Default,Default,Default,Default,Default,Default,Default,Default,Default,Default,Default,Default,Default,Default,Default,Default,Default,Default,Default,Default,Default,Default,Default,Default,Default,Default,Default,Default,Default,Default,Default,Default,Default,DefaultJob,,1,Workload,Result,8,623274791.67,33554432,18.58,0,0,0,0
FilterServiceBenchmark.ComputeResolution,LuxFilter.Benchmark,FilterServiceBenchmark,ComputeResolution,DefaultJob,Default,Default,Default,Default,Default,Default,Default,Default,Default,Default,Default,Default,Default,Default,Default,Default,Default,Default,Default,Default,Default,Default,Default,Default,Default,Default,Default,Default,Default,Default,Default,Default,Default,Default,Default,Default,Default,Default,Default,Default,Default,Default,DefaultJob,,1,Workload,Result,9,625726583.33,33554432,18.65,0,0,0,0
FilterServiceBenchmark.ComputeResolution,LuxFilter.Benchmark,FilterServiceBenchmark,ComputeResolution,DefaultJob,Default,Default,Default,Default,Default,Default,Default,Default,Default,Default,Default,Default,Default,Default,Default,Default,Default,Default,Default,Default,Default,Default,Default,Default,Default,Default,Default,Default,Default,Default,Default,Default,Default,Default,Default,Default,Default,Default,Default,Default,Default,Default,DefaultJob,,1,Workload,Result,10,626374208.33,33554432,18.67,0,0,0,0
FilterServiceBenchmark.ComputeResolution,LuxFilter.Benchmark,FilterServiceBenchmark,ComputeResolution,DefaultJob,Default,Default,Default,Default,Default,Default,Default,Default,Default,Default,Default,Default,Default,Default,Default,Default,Default,Default,Default,Default,Default,Default,Default,Default,Default,Default,Default,Default,Default,Default,Default,Default,Default,Default,Default,Default,Default,Default,Default,Default,Default,Default,DefaultJob,,1,Workload,Result,11,622553958.33,33554432,18.55,0,0,0,0
FilterServiceBenchmark.ComputeResolution,LuxFilter.Benchmark,FilterServiceBenchmark,ComputeResolution,DefaultJob,Default,Default,Default,Default,Default,Default,Default,Default,Default,Default,Default,Default,Default,Default,Default,Default,Default,Default,Default,Default,Default,Default,Default,Default,Default,Default,Default,Default,Default,Default,Default,Default,Default,Default,Default,Default,Default,Default,Default,Default,Default,Default,DefaultJob,,1,Workload,Result,12,622780250,33554432,18.56,0,0,0,0
FilterServiceBenchmark.ComputeResolution,LuxFilter.Benchmark,FilterServiceBenchmark,ComputeResolution,DefaultJob,Default,Default,Default,Default,Default,Default,Default,Default,Default,Default,Default,Default,Default,Default,Default,Default,Default,Default,Default,Default,Default,Default,Default,Default,Default,Default,Default,Default,Default,Default,Default,Default,Default,Default,Default,Default,Default,Default,Default,Default,Default,Default,DefaultJob,,1,Workload,Result,13,628325250,33554432,18.73,0,0,0,0
FilterServiceBenchmark.ComputeResolution,LuxFilter.Benchmark,FilterServiceBenchmark,ComputeResolution,DefaultJob,Default,Default,Default,Default,Default,Default,Default,Default,Default,Default,Default,Default,Default,Default,Default,Default,Default,Default,Default,Default,Default,Default,Default,Default,Default,Default,Default,Default,Default,Default,Default,Default,Default,Default,Default,Default,Default,Default,Default,Default,Default,Default,DefaultJob,,1,Workload,Result,14,623116666.67,33554432,18.57,0,0,0,0
FilterServiceBenchmark.ComputeSharpness,LuxFilter.Benchmark,FilterServiceBenchmark,ComputeSharpness,DefaultJob,Default,Default,Default,Default,Default,Default,Default,Default,Default,Default,Default,Default,Default,Default,Default,Default,Default,Default,Default,Default,Default,Default,Default,Default,Default,Default,Default,Default,Default,Default,Default,Default,Default,Default,Default,Default,Default,Default,Default,Default,Default,Default,DefaultJob,,1,Overhead,Jitting,1,480541.67,1,480541.67,94,0,0,396981440
FilterServiceBenchmark.ComputeSharpness,LuxFilter.Benchmark,FilterServiceBenchmark,ComputeSharpness,DefaultJob,Default,Default,Default,Default,Default,Default,Default,Default,Default,Default,Default,Default,Default,Default,Default,Default,Default,Default,Default,Default,Default,Default,Default,Default,Default,Default,Default,Default,Default,Default,Default,Default,Default,Default,Default,Default,Default,Default,Default,Default,Default,Default,DefaultJob,,1,Workload,Jitting,1,1501334833.33,1,1501334833.33,94,0,0,396981440
FilterServiceBenchmark.ComputeSharpness,LuxFilter.Benchmark,FilterServiceBenchmark,ComputeSharpness,DefaultJob,Default,Default,Default,Default,Default,Default,Default,Default,Default,Default,Default,Default,Default,Default,Default,Default,Default,Default,Default,Default,Default,Default,Default,Default,Default,Default,Default,Default,Default,Default,Default,Default,Default,Default,Default,Default,Default,Default,Default,Default,Default,Default,DefaultJob,,1,Overhead,Jitting,2,541.67,1,541.67,94,0,0,396981440
FilterServiceBenchmark.ComputeSharpness,LuxFilter.Benchmark,FilterServiceBenchmark,ComputeSharpness,DefaultJob,Default,Default,Default,Default,Default,Default,Default,Default,Default,Default,Default,Default,Default,Default,Default,Default,Default,Default,Default,Default,Default,Default,Default,Default,Default,Default,Default,Default,Default,Default,Default,Default,Default,Default,Default,Default,Default,Default,Default,Default,Default,Default,DefaultJob,,1,Workload,Jitting,2,1267879083.33,1,1267879083.33,94,0,0,396981440
FilterServiceBenchmark.ComputeSharpness,LuxFilter.Benchmark,FilterServiceBenchmark,ComputeSharpness,DefaultJob,Default,Default,Default,Default,Default,Default,Default,Default,Default,Default,Default,Default,Default,Default,Default,Default,Default,Default,Default,Default,Default,Default,Default,Default,Default,Default,Default,Default,Default,Default,Default,Default,Default,Default,Default,Default,Default,Default,Default,Default,Default,Default,DefaultJob,,1,Workload,Warmup,1,1287296333.33,1,1287296333.33,94,0,0,396981440
FilterServiceBenchmark.ComputeSharpness,LuxFilter.Benchmark,FilterServiceBenchmark,ComputeSharpness,DefaultJob,Default,Default,Default,Default,Default,Default,Default,Default,Default,Default,Default,Default,Default,Default,Default,Default,Default,Default,Default,Default,Default,Default,Default,Default,Default,Default,Default,Default,Default,Default,Default,Default,Default,Default,Default,Default,Default,Default,Default,Default,Default,Default,DefaultJob,,1,Workload,Warmup,2,1271001125,1,1271001125,94,0,0,396981440
FilterServiceBenchmark.ComputeSharpness,LuxFilter.Benchmark,FilterServiceBenchmark,ComputeSharpness,DefaultJob,Default,Default,Default,Default,Default,Default,Default,Default,Default,Default,Default,Default,Default,Default,Default,Default,Default,Default,Default,Default,Default,Default,Default,Default,Default,Default,Default,Default,Default,Default,Default,Default,Default,Default,Default,Default,Default,Default,Default,Default,Default,Default,DefaultJob,,1,Workload,Warmup,3,1297743750,1,1297743750,94,0,0,396981440
FilterServiceBenchmark.ComputeSharpness,LuxFilter.Benchmark,FilterServiceBenchmark,ComputeSharpness,DefaultJob,Default,Default,Default,Default,Default,Default,Default,Default,Default,Default,Default,Default,Default,Default,Default,Default,Default,Default,Default,Default,Default,Default,Default,Default,Default,Default,Default,Default,Default,Default,Default,Default,Default,Default,Default,Default,Default,Default,Default,Default,Default,Default,DefaultJob,,1,Workload,Warmup,4,1257662083.33,1,1257662083.33,94,0,0,396981440
FilterServiceBenchmark.ComputeSharpness,LuxFilter.Benchmark,FilterServiceBenchmark,ComputeSharpness,DefaultJob,Default,Default,Default,Default,Default,Default,Default,Default,Default,Default,Default,Default,Default,Default,Default,Default,Default,Default,Default,Default,Default,Default,Default,Default,Default,Default,Default,Default,Default,Default,Default,Default,Default,Default,Default,Default,Default,Default,Default,Default,Default,Default,DefaultJob,,1,Workload,Warmup,5,1261560625,1,1261560625,94,0,0,396981440
FilterServiceBenchmark.ComputeSharpness,LuxFilter.Benchmark,FilterServiceBenchmark,ComputeSharpness,DefaultJob,Default,Default,Default,Default,Default,Default,Default,Default,Default,Default,Default,Default,Default,Default,Default,Default,Default,Default,Default,Default,Default,Default,Default,Default,Default,Default,Default,Default,Default,Default,Default,Default,Default,Default,Default,Default,Default,Default,Default,Default,Default,Default,DefaultJob,,1,Workload,Warmup,6,1250949583.33,1,1250949583.33,94,0,0,396981440
FilterServiceBenchmark.ComputeSharpness,LuxFilter.Benchmark,FilterServiceBenchmark,ComputeSharpness,DefaultJob,Default,Default,Default,Default,Default,Default,Default,Default,Default,Default,Default,Default,Default,Default,Default,Default,Default,Default,Default,Default,Default,Default,Default,Default,Default,Default,Default,Default,Default,Default,Default,Default,Default,Default,Default,Default,Default,Default,Default,Default,Default,Default,DefaultJob,,1,Workload,Actual,1,1249100208.33,1,1249100208.33,94,0,0,396981440
FilterServiceBenchmark.ComputeSharpness,LuxFilter.Benchmark,FilterServiceBenchmark,ComputeSharpness,DefaultJob,Default,Default,Default,Default,Default,Default,Default,Default,Default,Default,Default,Default,Default,Default,Default,Default,Default,Default,Default,Default,Default,Default,Default,Default,Default,Default,Default,Default,Default,Default,Default,Default,Default,Default,Default,Default,Default,Default,Default,Default,Default,Default,DefaultJob,,1,Workload,Actual,2,1249860000,1,1249860000,94,0,0,396981440
FilterServiceBenchmark.ComputeSharpness,LuxFilter.Benchmark,FilterServiceBenchmark,ComputeSharpness,DefaultJob,Default,Default,Default,Default,Default,Default,Default,Default,Default,Default,Default,Default,Default,Default,Default,Default,Default,Default,Default,Default,Default,Default,Default,Default,Default,Default,Default,Default,Default,Default,Default,Default,Default,Default,Default,Default,Default,Default,Default,Default,Default,Default,DefaultJob,,1,Workload,Actual,3,1244736750,1,1244736750,94,0,0,396981440
FilterServiceBenchmark.ComputeSharpness,LuxFilter.Benchmark,FilterServiceBenchmark,ComputeSharpness,DefaultJob,Default,Default,Default,Default,Default,Default,Default,Default,Default,Default,Default,Default,Default,Default,Default,Default,Default,Default,Default,Default,Default,Default,Default,Default,Default,Default,Default,Default,Default,Default,Default,Default,Default,Default,Default,Default,Default,Default,Default,Default,Default,Default,DefaultJob,,1,Workload,Actual,4,1246850791.67,1,1246850791.67,94,0,0,396981440
FilterServiceBenchmark.ComputeSharpness,LuxFilter.Benchmark,FilterServiceBenchmark,ComputeSharpness,DefaultJob,Default,Default,Default,Default,Default,Default,Default,Default,Default,Default,Default,Default,Default,Default,Default,Default,Default,Default,Default,Default,Default,Default,Default,Default,Default,Default,Default,Default,Default,Default,Default,Default,Default,Default,Default,Default,Default,Default,Default,Default,Default,Default,DefaultJob,,1,Workload,Actual,5,1243946375,1,1243946375,94,0,0,396981440
FilterServiceBenchmark.ComputeSharpness,LuxFilter.Benchmark,FilterServiceBenchmark,ComputeSharpness,DefaultJob,Default,Default,Default,Default,Default,Default,Default,Default,Default,Default,Default,Default,Default,Default,Default,Default,Default,Default,Default,Default,Default,Default,Default,Default,Default,Default,Default,Default,Default,Default,Default,Default,Default,Default,Default,Default,Default,Default,Default,Default,Default,Default,DefaultJob,,1,Workload,Actual,6,1250374541.67,1,1250374541.67,94,0,0,396981440
FilterServiceBenchmark.ComputeSharpness,LuxFilter.Benchmark,FilterServiceBenchmark,ComputeSharpness,DefaultJob,Default,Default,Default,Default,Default,Default,Default,Default,Default,Default,Default,Default,Default,Default,Default,Default,Default,Default,Default,Default,Default,Default,Default,Default,Default,Default,Default,Default,Default,Default,Default,Default,Default,Default,Default,Default,Default,Default,Default,Default,Default,Default,DefaultJob,,1,Workload,Actual,7,1245036416.67,1,1245036416.67,94,0,0,396981440
FilterServiceBenchmark.ComputeSharpness,LuxFilter.Benchmark,FilterServiceBenchmark,ComputeSharpness,DefaultJob,Default,Default,Default,Default,Default,Default,Default,Default,Default,Default,Default,Default,Default,Default,Default,Default,Default,Default,Default,Default,Default,Default,Default,Default,Default,Default,Default,Default,Default,Default,Default,Default,Default,Default,Default,Default,Default,Default,Default,Default,Default,Default,DefaultJob,,1,Workload,Actual,8,1249724083.33,1,1249724083.33,94,0,0,396981440
FilterServiceBenchmark.ComputeSharpness,LuxFilter.Benchmark,FilterServiceBenchmark,ComputeSharpness,DefaultJob,Default,Default,Default,Default,Default,Default,Default,Default,Default,Default,Default,Default,Default,Default,Default,Default,Default,Default,Default,Default,Default,Default,Default,Default,Default,Default,Default,Default,Default,Default,Default,Default,Default,Default,Default,Default,Default,Default,Default,Default,Default,Default,DefaultJob,,1,Workload,Actual,9,1247001875,1,1247001875,94,0,0,396981440
FilterServiceBenchmark.ComputeSharpness,LuxFilter.Benchmark,FilterServiceBenchmark,ComputeSharpness,DefaultJob,Default,Default,Default,Default,Default,Default,Default,Default,Default,Default,Default,Default,Default,Default,Default,Default,Default,Default,Default,Default,Default,Default,Default,Default,Default,Default,Default,Default,Default,Default,Default,Default,Default,Default,Default,Default,Default,Default,Default,Default,Default,Default,DefaultJob,,1,Workload,Actual,10,1242059541.67,1,1242059541.67,94,0,0,396981440
FilterServiceBenchmark.ComputeSharpness,LuxFilter.Benchmark,FilterServiceBenchmark,ComputeSharpness,DefaultJob,Default,Default,Default,Default,Default,Default,Default,Default,Default,Default,Default,Default,Default,Default,Default,Default,Default,Default,Default,Default,Default,Default,Default,Default,Default,Default,Default,Default,Default,Default,Default,Default,Default,Default,Default,Default,Default,Default,Default,Default,Default,Default,DefaultJob,,1,Workload,Actual,11,1242897125,1,1242897125,94,0,0,396981440
FilterServiceBenchmark.ComputeSharpness,LuxFilter.Benchmark,FilterServiceBenchmark,ComputeSharpness,DefaultJob,Default,Default,Default,Default,Default,Default,Default,Default,Default,Default,Default,Default,Default,Default,Default,Default,Default,Default,Default,Default,Default,Default,Default,Default,Default,Default,Default,Default,Default,Default,Default,Default,Default,Default,Default,Default,Default,Default,Default,Default,Default,Default,DefaultJob,,1,Workload,Actual,12,1256751000,1,1256751000,94,0,0,396981440
FilterServiceBenchmark.ComputeSharpness,LuxFilter.Benchmark,FilterServiceBenchmark,ComputeSharpness,DefaultJob,Default,Default,Default,Default,Default,Default,Default,Default,Default,Default,Default,Default,Default,Default,Default,Default,Default,Default,Default,Default,Default,Default,Default,Default,Default,Default,Default,Default,Default,Default,Default,Default,Default,Default,Default,Default,Default,Default,Default,Default,Default,Default,DefaultJob,,1,Workload,Actual,13,1260478250,1,1260478250,94,0,0,396981440
FilterServiceBenchmark.ComputeSharpness,LuxFilter.Benchmark,FilterServiceBenchmark,ComputeSharpness,DefaultJob,Default,Default,Default,Default,Default,Default,Default,Default,Default,Default,Default,Default,Default,Default,Default,Default,Default,Default,Default,Default,Default,Default,Default,Default,Default,Default,Default,Default,Default,Default,Default,Default,Default,Default,Default,Default,Default,Default,Default,Default,Default,Default,DefaultJob,,1,Workload,Actual,14,1274563625,1,1274563625,94,0,0,396981440
FilterServiceBenchmark.ComputeSharpness,LuxFilter.Benchmark,FilterServiceBenchmark,ComputeSharpness,DefaultJob,Default,Default,Default,Default,Default,Default,Default,Default,Default,Default,Default,Default,Default,Default,Default,Default,Default,Default,Default,Default,Default,Default,Default,Default,Default,Default,Default,Default,Default,Default,Default,Default,Default,Default,Default,Default,Default,Default,Default,Default,Default,Default,DefaultJob,,1,Workload,Actual,15,1249709000,1,1249709000,94,0,0,396981440
FilterServiceBenchmark.ComputeSharpness,LuxFilter.Benchmark,FilterServiceBenchmark,ComputeSharpness,DefaultJob,Default,Default,Default,Default,Default,Default,Default,Default,Default,Default,Default,Default,Default,Default,Default,Default,Default,Default,Default,Default,Default,Default,Default,Default,Default,Default,Default,Default,Default,Default,Default,Default,Default,Default,Default,Default,Default,Default,Default,Default,Default,Default,DefaultJob,,1,Workload,Result,1,1249100208.33,1,1249100208.33,94,0,0,396981440
FilterServiceBenchmark.ComputeSharpness,LuxFilter.Benchmark,FilterServiceBenchmark,ComputeSharpness,DefaultJob,Default,Default,Default,Default,Default,Default,Default,Default,Default,Default,Default,Default,Default,Default,Default,Default,Default,Default,Default,Default,Default,Default,Default,Default,Default,Default,Default,Default,Default,Default,Default,Default,Default,Default,Default,Default,Default,Default,Default,Default,Default,Default,DefaultJob,,1,Workload,Result,2,1249860000,1,1249860000,94,0,0,396981440
FilterServiceBenchmark.ComputeSharpness,LuxFilter.Benchmark,FilterServiceBenchmark,ComputeSharpness,DefaultJob,Default,Default,Default,Default,Default,Default,Default,Default,Default,Default,Default,Default,Default,Default,Default,Default,Default,Default,Default,Default,Default,Default,Default,Default,Default,Default,Default,Default,Default,Default,Default,Default,Default,Default,Default,Default,Default,Default,Default,Default,Default,Default,DefaultJob,,1,Workload,Result,3,1244736750,1,1244736750,94,0,0,396981440
FilterServiceBenchmark.ComputeSharpness,LuxFilter.Benchmark,FilterServiceBenchmark,ComputeSharpness,DefaultJob,Default,Default,Default,Default,Default,Default,Default,Default,Default,Default,Default,Default,Default,Default,Default,Default,Default,Default,Default,Default,Default,Default,Default,Default,Default,Default,Default,Default,Default,Default,Default,Default,Default,Default,Default,Default,Default,Default,Default,Default,Default,Default,DefaultJob,,1,Workload,Result,4,1246850791.67,1,1246850791.67,94,0,0,396981440
FilterServiceBenchmark.ComputeSharpness,LuxFilter.Benchmark,FilterServiceBenchmark,ComputeSharpness,DefaultJob,Default,Default,Default,Default,Default,Default,Default,Default,Default,Default,Default,Default,Default,Default,Default,Default,Default,Default,Default,Default,Default,Default,Default,Default,Default,Default,Default,Default,Default,Default,Default,Default,Default,Default,Default,Default,Default,Default,Default,Default,Default,Default,DefaultJob,,1,Workload,Result,5,1243946375,1,1243946375,94,0,0,396981440
FilterServiceBenchmark.ComputeSharpness,LuxFilter.Benchmark,FilterServiceBenchmark,ComputeSharpness,DefaultJob,Default,Default,Default,Default,Default,Default,Default,Default,Default,Default,Default,Default,Default,Default,Default,Default,Default,Default,Default,Default,Default,Default,Default,Default,Default,Default,Default,Default,Default,Default,Default,Default,Default,Default,Default,Default,Default,Default,Default,Default,Default,Default,DefaultJob,,1,Workload,Result,6,1250374541.67,1,1250374541.67,94,0,0,396981440
FilterServiceBenchmark.ComputeSharpness,LuxFilter.Benchmark,FilterServiceBenchmark,ComputeSharpness,DefaultJob,Default,Default,Default,Default,Default,Default,Default,Default,Default,Default,Default,Default,Default,Default,Default,Default,Default,Default,Default,Default,Default,Default,Default,Default,Default,Default,Default,Default,Default,Default,Default,Default,Default,Default,Default,Default,Default,Default,Default,Default,Default,Default,DefaultJob,,1,Workload,Result,7,1245036416.67,1,1245036416.67,94,0,0,396981440
FilterServiceBenchmark.ComputeSharpness,LuxFilter.Benchmark,FilterServiceBenchmark,ComputeSharpness,DefaultJob,Default,Default,Default,Default,Default,Default,Default,Default,Default,Default,Default,Default,Default,Default,Default,Default,Default,Default,Default,Default,Default,Default,Default,Default,Default,Default,Default,Default,Default,Default,Default,Default,Default,Default,Default,Default,Default,Default,Default,Default,Default,Default,DefaultJob,,1,Workload,Result,8,1249724083.33,1,1249724083.33,94,0,0,396981440
FilterServiceBenchmark.ComputeSharpness,LuxFilter.Benchmark,FilterServiceBenchmark,ComputeSharpness,DefaultJob,Default,Default,Default,Default,Default,Default,Default,Default,Default,Default,Default,Default,Default,Default,Default,Default,Default,Default,Default,Default,Default,Default,Default,Default,Default,Default,Default,Default,Default,Default,Default,Default,Default,Default,Default,Default,Default,Default,Default,Default,Default,Default,DefaultJob,,1,Workload,Result,9,1247001875,1,1247001875,94,0,0,396981440
FilterServiceBenchmark.ComputeSharpness,LuxFilter.Benchmark,FilterServiceBenchmark,ComputeSharpness,DefaultJob,Default,Default,Default,Default,Default,Default,Default,Default,Default,Default,Default,Default,Default,Default,Default,Default,Default,Default,Default,Default,Default,Default,Default,Default,Default,Default,Default,Default,Default,Default,Default,Default,Default,Default,Default,Default,Default,Default,Default,Default,Default,Default,DefaultJob,,1,Workload,Result,10,1242059541.67,1,1242059541.67,94,0,0,396981440
FilterServiceBenchmark.ComputeSharpness,LuxFilter.Benchmark,FilterServiceBenchmark,ComputeSharpness,DefaultJob,Default,Default,Default,Default,Default,Default,Default,Default,Default,Default,Default,Default,Default,Default,Default,Default,Default,Default,Default,Default,Default,Default,Default,Default,Default,Default,Default,Default,Default,Default,Default,Default,Default,Default,Default,Default,Default,Default,Default,Default,Default,Default,DefaultJob,,1,Workload,Result,11,1242897125,1,1242897125,94,0,0,396981440
FilterServiceBenchmark.ComputeSharpness,LuxFilter.Benchmark,FilterServiceBenchmark,ComputeSharpness,DefaultJob,Default,Default,Default,Default,Default,Default,Default,Default,Default,Default,Default,Default,Default,Default,Default,Default,Default,Default,Default,Default,Default,Default,Default,Default,Default,Default,Default,Default,Default,Default,Default,Default,Default,Default,Default,Default,Default,Default,Default,Default,Default,Default,DefaultJob,,1,Workload,Result,12,1256751000,1,1256751000,94,0,0,396981440
FilterServiceBenchmark.ComputeSharpness,LuxFilter.Benchmark,FilterServiceBenchmark,ComputeSharpness,DefaultJob,Default,Default,Default,Default,Default,Default,Default,Default,Default,Default,Default,Default,Default,Default,Default,Default,Default,Default,Default,Default,Default,Default,Default,Default,Default,Default,Default,Default,Default,Default,Default,Default,Default,Default,Default,Default,Default,Default,Default,Default,Default,Default,DefaultJob,,1,Workload,Result,13,1249709000,1,1249709000,94,0,0,396981440
FilterServiceBenchmark.ComputeBrisque,LuxFilter.Benchmark,FilterServiceBenchmark,ComputeBrisque,DefaultJob,Default,Default,Default,Default,Default,Default,Default,Default,Default,Default,Default,Default,Default,Default,Default,Default,Default,Default,Default,Default,Default,Default,Default,Default,Default,Default,Default,Default,Default,Default,Default,Default,Default,Default,Default,Default,Default,Default,Default,Default,Default,Default,DefaultJob,,1,Overhead,Jitting,1,370291.67,1,370291.67,0,0,0,1296
FilterServiceBenchmark.ComputeBrisque,LuxFilter.Benchmark,FilterServiceBenchmark,ComputeBrisque,DefaultJob,Default,Default,Default,Default,Default,Default,Default,Default,Default,Default,Default,Default,Default,Default,Default,Default,Default,Default,Default,Default,Default,Default,Default,Default,Default,Default,Default,Default,Default,Default,Default,Default,Default,Default,Default,Default,Default,Default,Default,Default,Default,Default,DefaultJob,,1,Workload,Jitting,1,187052250,1,187052250,0,0,0,1296
FilterServiceBenchmark.ComputeBrisque,LuxFilter.Benchmark,FilterServiceBenchmark,ComputeBrisque,DefaultJob,Default,Default,Default,Default,Default,Default,Default,Default,Default,Default,Default,Default,Default,Default,Default,Default,Default,Default,Default,Default,Default,Default,Default,Default,Default,Default,Default,Default,Default,Default,Default,Default,Default,Default,Default,Default,Default,Default,Default,Default,Default,Default,DefaultJob,,1,Workload,Pilot,1,336354791.67,2,168177395.84,0,0,0,1296
FilterServiceBenchmark.ComputeBrisque,LuxFilter.Benchmark,FilterServiceBenchmark,ComputeBrisque,DefaultJob,Default,Default,Default,Default,Default,Default,Default,Default,Default,Default,Default,Default,Default,Default,Default,Default,Default,Default,Default,Default,Default,Default,Default,Default,Default,Default,Default,Default,Default,Default,Default,Default,Default,Default,Default,Default,Default,Default,Default,Default,Default,Default,DefaultJob,,1,Workload,Pilot,2,502740208.33,3,167580069.44,0,0,0,1296
FilterServiceBenchmark.ComputeBrisque,LuxFilter.Benchmark,FilterServiceBenchmark,ComputeBrisque,DefaultJob,Default,Default,Default,Default,Default,Default,Default,Default,Default,Default,Default,Default,Default,Default,Default,Default,Default,Default,Default,Default,Default,Default,Default,Default,Default,Default,Default,Default,Default,Default,Default,Default,Default,Default,Default,Default,Default,Default,Default,Default,Default,Default,DefaultJob,,1,Workload,Warmup,1,507367541.67,3,169122513.89,0,0,0,1296
FilterServiceBenchmark.ComputeBrisque,LuxFilter.Benchmark,FilterServiceBenchmark,ComputeBrisque,DefaultJob,Default,Default,Default,Default,Default,Default,Default,Default,Default,Default,Default,Default,Default,Default,Default,Default,Default,Default,Default,Default,Default,Default,Default,Default,Default,Default,Default,Default,Default,Default,Default,Default,Default,Default,Default,Default,Default,Default,Default,Default,Default,Default,DefaultJob,,1,Workload,Warmup,2,504938041.67,3,168312680.56,0,0,0,1296
FilterServiceBenchmark.ComputeBrisque,LuxFilter.Benchmark,FilterServiceBenchmark,ComputeBrisque,DefaultJob,Default,Default,Default,Default,Default,Default,Default,Default,Default,Default,Default,Default,Default,Default,Default,Default,Default,Default,Default,Default,Default,Default,Default,Default,Default,Default,Default,Default,Default,Default,Default,Default,Default,Default,Default,Default,Default,Default,Default,Default,Default,Default,DefaultJob,,1,Workload,Warmup,3,499121125,3,166373708.33,0,0,0,1296
FilterServiceBenchmark.ComputeBrisque,LuxFilter.Benchmark,FilterServiceBenchmark,ComputeBrisque,DefaultJob,Default,Default,Default,Default,Default,Default,Default,Default,Default,Default,Default,Default,Default,Default,Default,Default,Default,Default,Default,Default,Default,Default,Default,Default,Default,Default,Default,Default,Default,Default,Default,Default,Default,Default,Default,Default,Default,Default,Default,Default,Default,Default,DefaultJob,,1,Workload,Warmup,4,504403666.67,3,168134555.56,0,0,0,1296
FilterServiceBenchmark.ComputeBrisque,LuxFilter.Benchmark,FilterServiceBenchmark,ComputeBrisque,DefaultJob,Default,Default,Default,Default,Default,Default,Default,Default,Default,Default,Default,Default,Default,Default,Default,Default,Default,Default,Default,Default,Default,Default,Default,Default,Default,Default,Default,Default,Default,Default,Default,Default,Default,Default,Default,Default,Default,Default,Default,Default,Default,Default,DefaultJob,,1,Workload,Warmup,5,501451500,3,167150500,0,0,0,1296
FilterServiceBenchmark.ComputeBrisque,LuxFilter.Benchmark,FilterServiceBenchmark,ComputeBrisque,DefaultJob,Default,Default,Default,Default,Default,Default,Default,Default,Default,Default,Default,Default,Default,Default,Default,Default,Default,Default,Default,Default,Default,Default,Default,Default,Default,Default,Default,Default,Default,Default,Default,Default,Default,Default,Default,Default,Default,Default,Default,Default,Default,Default,DefaultJob,,1,Workload,Warmup,6,502833541.67,3,167611180.56,0,0,0,1296
FilterServiceBenchmark.ComputeBrisque,LuxFilter.Benchmark,FilterServiceBenchmark,ComputeBrisque,DefaultJob,Default,Default,Default,Default,Default,Default,Default,Default,Default,Default,Default,Default,Default,Default,Default,Default,Default,Default,Default,Default,Default,Default,Default,Default,Default,Default,Default,Default,Default,Default,Default,Default,Default,Default,Default,Default,Default,Default,Default,Default,Default,Default,DefaultJob,,1,Workload,Warmup,7,501487375,3,167162458.33,0,0,0,1296
FilterServiceBenchmark.ComputeBrisque,LuxFilter.Benchmark,FilterServiceBenchmark,ComputeBrisque,DefaultJob,Default,Default,Default,Default,Default,Default,Default,Default,Default,Default,Default,Default,Default,Default,Default,Default,Default,Default,Default,Default,Default,Default,Default,Default,Default,Default,Default,Default,Default,Default,Default,Default,Default,Default,Default,Default,Default,Default,Default,Default,Default,Default,DefaultJob,,1,Workload,Actual,1,502639250,3,167546416.67,0,0,0,1296
FilterServiceBenchmark.ComputeBrisque,LuxFilter.Benchmark,FilterServiceBenchmark,ComputeBrisque,DefaultJob,Default,Default,Default,Default,Default,Default,Default,Default,Default,Default,Default,Default,Default,Default,Default,Default,Default,Default,Default,Default,Default,Default,Default,Default,Default,Default,Default,Default,Default,Default,Default,Default,Default,Default,Default,Default,Default,Default,Default,Default,Default,Default,DefaultJob,,1,Workload,Actual,2,501569333.33,3,167189777.78,0,0,0,1296
FilterServiceBenchmark.ComputeBrisque,LuxFilter.Benchmark,FilterServiceBenchmark,ComputeBrisque,DefaultJob,Default,Default,Default,Default,Default,Default,Default,Default,Default,Default,Default,Default,Default,Default,Default,Default,Default,Default,Default,Default,Default,Default,Default,Default,Default,Default,Default,Default,Default,Default,Default,Default,Default,Default,Default,Default,Default,Default,Default,Default,Default,Default,DefaultJob,,1,Workload,Actual,3,504678875,3,168226291.67,0,0,0,1296
FilterServiceBenchmark.ComputeBrisque,LuxFilter.Benchmark,FilterServiceBenchmark,ComputeBrisque,DefaultJob,Default,Default,Default,Default,Default,Default,Default,Default,Default,Default,Default,Default,Default,Default,Default,Default,Default,Default,Default,Default,Default,Default,Default,Default,Default,Default,Default,Default,Default,Default,Default,Default,Default,Default,Default,Default,Default,Default,Default,Default,Default,Default,DefaultJob,,1,Workload,Actual,4,501539166.67,3,167179722.22,0,0,0,1296
FilterServiceBenchmark.ComputeBrisque,LuxFilter.Benchmark,FilterServiceBenchmark,ComputeBrisque,DefaultJob,Default,Default,Default,Default,Default,Default,Default,Default,Default,Default,Default,Default,Default,Default,Default,Default,Default,Default,Default,Default,Default,Default,Default,Default,Default,Default,Default,Default,Default,Default,Default,Default,Default,Default,Default,Default,Default,Default,Default,Default,Default,Default,DefaultJob,,1,Workload,Actual,5,503956041.67,3,167985347.22,0,0,0,1296
FilterServiceBenchmark.ComputeBrisque,LuxFilter.Benchmark,FilterServiceBenchmark,ComputeBrisque,DefaultJob,Default,Default,Default,Default,Default,Default,Default,Default,Default,Default,Default,Default,Default,Default,Default,Default,Default,Default,Default,Default,Default,Default,Default,Default,Default,Default,Default,Default,Default,Default,Default,Default,Default,Default,Default,Default,Default,Default,Default,Default,Default,Default,DefaultJob,,1,Workload,Actual,6,505425833.33,3,168475277.78,0,0,0,1296
FilterServiceBenchmark.ComputeBrisque,LuxFilter.Benchmark,FilterServiceBenchmark,ComputeBrisque,DefaultJob,Default,Default,Default,Default,Default,Default,Default,Default,Default,Default,Default,Default,Default,Default,Default,Default,Default,Default,Default,Default,Default,Default,Default,Default,Default,Default,Default,Default,Default,Default,Default,Default,Default,Default,Default,Default,Default,Default,Default,Default,Default,Default,DefaultJob,,1,Workload,Actual,7,507926500,3,169308833.33,0,0,0,1296
FilterServiceBenchmark.ComputeBrisque,LuxFilter.Benchmark,FilterServiceBenchmark,ComputeBrisque,DefaultJob,Default,Default,Default,Default,Default,Default,Default,Default,Default,Default,Default,Default,Default,Default,Default,Default,Default,Default,Default,Default,Default,Default,Default,Default,Default,Default,Default,Default,Default,Default,Default,Default,Default,Default,Default,Default,Default,Default,Default,Default,Default,Default,DefaultJob,,1,Workload,Actual,8,505109500,3,168369833.33,0,0,0,1296
FilterServiceBenchmark.ComputeBrisque,LuxFilter.Benchmark,FilterServiceBenchmark,ComputeBrisque,DefaultJob,Default,Default,Default,Default,Default,Default,Default,Default,Default,Default,Default,Default,Default,Default,Default,Default,Default,Default,Default,Default,Default,Default,Default,Default,Default,Default,Default,Default,Default,Default,Default,Default,Default,Default,Default,Default,Default,Default,Default,Default,Default,Default,DefaultJob,,1,Workload,Actual,9,506184041.67,3,168728013.89,0,0,0,1296
FilterServiceBenchmark.ComputeBrisque,LuxFilter.Benchmark,FilterServiceBenchmark,ComputeBrisque,DefaultJob,Default,Default,Default,Default,Default,Default,Default,Default,Default,Default,Default,Default,Default,Default,Default,Default,Default,Default,Default,Default,Default,Default,Default,Default,Default,Default,Default,Default,Default,Default,Default,Default,Default,Default,Default,Default,Default,Default,Default,Default,Default,Default,DefaultJob,,1,Workload,Actual,10,515603666.67,3,171867888.89,0,0,0,1296
FilterServiceBenchmark.ComputeBrisque,LuxFilter.Benchmark,FilterServiceBenchmark,ComputeBrisque,DefaultJob,Default,Default,Default,Default,Default,Default,Default,Default,Default,Default,Default,Default,Default,Default,Default,Default,Default,Default,Default,Default,Default,Default,Default,Default,Default,Default,Default,Default,Default,Default,Default,Default,Default,Default,Default,Default,Default,Default,Default,Default,Default,Default,DefaultJob,,1,Workload,Actual,11,504757916.67,3,168252638.89,0,0,0,1296
FilterServiceBenchmark.ComputeBrisque,LuxFilter.Benchmark,FilterServiceBenchmark,ComputeBrisque,DefaultJob,Default,Default,Default,Default,Default,Default,Default,Default,Default,Default,Default,Default,Default,Default,Default,Default,Default,Default,Default,Default,Default,Default,Default,Default,Default,Default,Default,Default,Default,Default,Default,Default,Default,Default,Default,Default,Default,Default,Default,Default,Default,Default,DefaultJob,,1,Workload,Actual,12,502308666.67,3,167436222.22,0,0,0,1296
FilterServiceBenchmark.ComputeBrisque,LuxFilter.Benchmark,FilterServiceBenchmark,ComputeBrisque,DefaultJob,Default,Default,Default,Default,Default,Default,Default,Default,Default,Default,Default,Default,Default,Default,Default,Default,Default,Default,Default,Default,Default,Default,Default,Default,Default,Default,Default,Default,Default,Default,Default,Default,Default,Default,Default,Default,Default,Default,Default,Default,Default,Default,DefaultJob,,1,Workload,Actual,13,500546375,3,166848791.67,0,0,0,1296
FilterServiceBenchmark.ComputeBrisque,LuxFilter.Benchmark,FilterServiceBenchmark,ComputeBrisque,DefaultJob,Default,Default,Default,Default,Default,Default,Default,Default,Default,Default,Default,Default,Default,Default,Default,Default,Default,Default,Default,Default,Default,Default,Default,Default,Default,Default,Default,Default,Default,Default,Default,Default,Default,Default,Default,Default,Default,Default,Default,Default,Default,Default,DefaultJob,,1,Workload,Actual,14,537410666.67,3,179136888.89,0,0,0,1296
FilterServiceBenchmark.ComputeBrisque,LuxFilter.Benchmark,FilterServiceBenchmark,ComputeBrisque,DefaultJob,Default,Default,Default,Default,Default,Default,Default,Default,Default,Default,Default,Default,Default,Default,Default,Default,Default,Default,Default,Default,Default,Default,Default,Default,Default,Default,Default,Default,Default,Default,Default,Default,Default,Default,Default,Default,Default,Default,Default,Default,Default,Default,DefaultJob,,1,Workload,Actual,15,786473458.33,3,262157819.44,0,0,0,1296
FilterServiceBenchmark.ComputeBrisque,LuxFilter.Benchmark,FilterServiceBenchmark,ComputeBrisque,DefaultJob,Default,Default,Default,Default,Default,Default,Default,Default,Default,Default,Default,Default,Default,Default,Default,Default,Default,Default,Default,Default,Default,Default,Default,Default,Default,Default,Default,Default,Default,Default,Default,Default,Default,Default,Default,Default,Default,Default,Default,Default,Default,Default,DefaultJob,,1,Workload,Result,1,502639250,3,167546416.67,0,0,0,1296
FilterServiceBenchmark.ComputeBrisque,LuxFilter.Benchmark,FilterServiceBenchmark,ComputeBrisque,DefaultJob,Default,Default,Default,Default,Default,Default,Default,Default,Default,Default,Default,Default,Default,Default,Default,Default,Default,Default,Default,Default,Default,Default,Default,Default,Default,Default,Default,Default,Default,Default,Default,Default,Default,Default,Default,Default,Default,Default,Default,Default,Default,Default,DefaultJob,,1,Workload,Result,2,501569333.33,3,167189777.78,0,0,0,1296
FilterServiceBenchmark.ComputeBrisque,LuxFilter.Benchmark,FilterServiceBenchmark,ComputeBrisque,DefaultJob,Default,Default,Default,Default,Default,Default,Default,Default,Default,Default,Default,Default,Default,Default,Default,Default,Default,Default,Default,Default,Default,Default,Default,Default,Default,Default,Default,Default,Default,Default,Default,Default,Default,Default,Default,Default,Default,Default,Default,Default,Default,Default,DefaultJob,,1,Workload,Result,3,504678875,3,168226291.67,0,0,0,1296
FilterServiceBenchmark.ComputeBrisque,LuxFilter.Benchmark,FilterServiceBenchmark,ComputeBrisque,DefaultJob,Default,Default,Default,Default,Default,Default,Default,Default,Default,Default,Default,Default,Default,Default,Default,Default,Default,Default,Default,Default,Default,Default,Default,Default,Default,Default,Default,Default,Default,Default,Default,Default,Default,Default,Default,Default,Default,Default,Default,Default,Default,Default,DefaultJob,,1,Workload,Result,4,501539166.67,3,167179722.22,0,0,0,1296
FilterServiceBenchmark.ComputeBrisque,LuxFilter.Benchmark,FilterServiceBenchmark,ComputeBrisque,DefaultJob,Default,Default,Default,Default,Default,Default,Default,Default,Default,Default,Default,Default,Default,Default,Default,Default,Default,Default,Default,Default,Default,Default,Default,Default,Default,Default,Default,Default,Default,Default,Default,Default,Default,Default,Default,Default,Default,Default,Default,Default,Default,Default,DefaultJob,,1,Workload,Result,5,503956041.67,3,167985347.22,0,0,0,1296
FilterServiceBenchmark.ComputeBrisque,LuxFilter.Benchmark,FilterServiceBenchmark,ComputeBrisque,DefaultJob,Default,Default,Default,Default,Default,Default,Default,Default,Default,Default,Default,Default,Default,Default,Default,Default,Default,Default,Default,Default,Default,Default,Default,Default,Default,Default,Default,Default,Default,Default,Default,Default,Default,Default,Default,Default,Default,Default,Default,Default,Default,Default,DefaultJob,,1,Workload,Result,6,505425833.33,3,168475277.78,0,0,0,1296
FilterServiceBenchmark.ComputeBrisque,LuxFilter.Benchmark,FilterServiceBenchmark,ComputeBrisque,DefaultJob,Default,Default,Default,Default,Default,Default,Default,Default,Default,Default,Default,Default,Default,Default,Default,Default,Default,Default,Default,Default,Default,Default,Default,Default,Default,Default,Default,Default,Default,Default,Default,Default,Default,Default,Default,Default,Default,Default,Default,Default,Default,Default,DefaultJob,,1,Workload,Result,7,507926500,3,169308833.33,0,0,0,1296
FilterServiceBenchmark.ComputeBrisque,LuxFilter.Benchmark,FilterServiceBenchmark,ComputeBrisque,DefaultJob,Default,Default,Default,Default,Default,Default,Default,Default,Default,Default,Default,Default,Default,Default,Default,Default,Default,Default,Default,Default,Default,Default,Default,Default,Default,Default,Default,Default,Default,Default,Default,Default,Default,Default,Default,Default,Default,Default,Default,Default,Default,Default,DefaultJob,,1,Workload,Result,8,505109500,3,168369833.33,0,0,0,1296
FilterServiceBenchmark.ComputeBrisque,LuxFilter.Benchmark,FilterServiceBenchmark,ComputeBrisque,DefaultJob,Default,Default,Default,Default,Default,Default,Default,Default,Default,Default,Default,Default,Default,Default,Default,Default,Default,Default,Default,Default,Default,Default,Default,Default,Default,Default,Default,Default,Default,Default,Default,Default,Default,Default,Default,Default,Default,Default,Default,Default,Default,Default,DefaultJob,,1,Workload,Result,9,506184041.67,3,168728013.89,0,0,0,1296
FilterServiceBenchmark.ComputeBrisque,LuxFilter.Benchmark,FilterServiceBenchmark,ComputeBrisque,DefaultJob,Default,Default,Default,Default,Default,Default,Default,Default,Default,Default,Default,Default,Default,Default,Default,Default,Default,Default,Default,Default,Default,Default,Default,Default,Default,Default,Default,Default,Default,Default,Default,Default,Default,Default,Default,Default,Default,Default,Default,Default,Default,Default,DefaultJob,,1,Workload,Result,10,504757916.67,3,168252638.89,0,0,0,1296
FilterServiceBenchmark.ComputeBrisque,LuxFilter.Benchmark,FilterServiceBenchmark,ComputeBrisque,DefaultJob,Default,Default,Default,Default,Default,Default,Default,Default,Default,Default,Default,Default,Default,Default,Default,Default,Default,Default,Default,Default,Default,Default,Default,Default,Default,Default,Default,Default,Default,Default,Default,Default,Default,Default,Default,Default,Default,Default,Default,Default,Default,Default,DefaultJob,,1,Workload,Result,11,502308666.67,3,167436222.22,0,0,0,1296
FilterServiceBenchmark.ComputeBrisque,LuxFilter.Benchmark,FilterServiceBenchmark,ComputeBrisque,DefaultJob,Default,Default,Default,Default,Default,Default,Default,Default,Default,Default,Default,Default,Default,Default,Default,Default,Default,Default,Default,Default,Default,Default,Default,Default,Default,Default,Default,Default,Default,Default,Default,Default,Default,Default,Default,Default,Default,Default,Default,Default,Default,Default,DefaultJob,,1,Workload,Result,12,500546375,3,166848791.67,0,0,0,1296
